id,created_at
56c6e97f-d323-4936-bf6a-c7d15eeaaeb6,2024-11-25 16:22:05.219954
b34046fe-4c7e-43fb-933a-a44c2faab7ba,2024-11-25 16:29:11.229542
cfb91a86-0a53-4031-9166-6da44c48a0a3,2024-11-25 17:00:11.906892
15b376b7-cbe3-4d26-a4d7-1e411e8ecd7b,2024-11-25 17:00:11.982354
c741f1fd-b074-4c8f-80b8-56a732ec6c97,2024-11-25 17:00:12.651316
a4f1ee81-b16b-480a-aa08-60ad63532822,2024-11-25 17:00:12.724852
60a67cf9-a329-493d-90ba-33a9f2a01c87,2024-11-25 17:12:03.394024
35d273f7-a17e-4234-9c29-cf608ed2acf0,2024-11-25 17:29:27.590922
eb020544-9858-4771-a06b-02be355a1bfe,2024-11-25 17:33:11.704500
aaf8ec8b-8e06-4d9e-8f66-0673465140b1,2024-11-25 17:33:27.155608
145ef43a-4722-4c48-beac-466a436fcf3a,2024-11-25 17:33:28.015396
e5b71607-07f8-4d3d-bc06-c834bd29776f,2024-11-25 17:33:49.721664
3c8560fa-0421-4caa-8d98-71298225249a,2024-11-25 17:41:13.510102
c4d96054-607a-4773-9d1c-875337fd72bc,2024-11-25 17:41:31.915316
10619dd6-1972-4654-b968-19fbb6fbee61,2024-11-25 17:42:16.524749
8d9a6a73-e531-43f9-92ce-2b8fbadf058c,2024-11-25 17:42:42.283039
4662cd29-616a-479f-8943-81203ced6934,2024-11-25 17:43:33.651402
f92ad859-7680-4990-8398-decc60a9b18f,2024-11-25 17:56:00.963544
ac4f5659-af8e-4559-a00e-4781bc430630,2024-11-25 18:11:45.101220
7e1f15ca-076b-4e22-bcf1-d165ee2a416f,2024-11-25 18:25:17.366244
9efd3de6-d705-4449-9368-f4f710a726c6,2024-11-25 18:25:27.100447
05052e45-aed8-4352-ad99-9ce73a506c4d,2024-11-25 18:33:21.496477
0d832f9d-51fc-48d1-9655-da2432c53f1a,2024-11-25 18:33:33.237530
d8b2737d-54ec-4aed-8b8a-93af757d61ef,2024-11-25 18:36:50.318766
7bee0ce9-8e68-48f1-8433-c0843c8a6d28,2024-11-25 19:12:14.599533
46b2dbc2-e6e0-4b2f-b05d-7eecbb6d1f9e,2024-11-25 19:12:48.723967
138f0122-bdca-4a99-9461-a42c1fdd970d,2024-11-25 19:13:27.195523
f0ca7303-0aea-4c24-ab13-3b6c4f811fef,2024-11-25 19:14:09.873945
87ca484e-07db-41da-a635-2e96f67c80c3,2024-11-25 19:14:46.223677
12c42482-1815-4af0-8bcb-71a04e364998,2024-11-25 19:15:29.857674
b14c31ae-c0df-4695-ba95-4e65d75f5f9c,2024-11-25 19:16:07.702428
1f97bc6e-9c72-4fc5-a978-f865a91fbb85,2024-11-25 19:34:22.482718
02ab3467-9eeb-4222-b1a6-5827efc4426b,2024-11-25 19:36:17.223397
6febba62-fc07-4844-96a3-cff0b7435162,2024-11-25 20:16:34.642668
70ffe4e3-29fb-4257-9192-8e289359a82b,2024-11-25 20:16:36.674204
3908dc2d-593f-4939-8852-70f5bc48b929,2024-11-25 20:20:35.377646
795dca64-0767-42cc-8d8c-efffdabf9fc7,2024-11-25 20:47:32.735209
0705e17c-97aa-4db9-b7c4-9f2ec94225f1,2024-11-25 20:52:19.051708
8d122d81-8cc4-4a62-8fa5-8da17f450f97,2024-11-25 22:09:28.054459
33b77c8c-8cc3-4397-ae06-7a005b40c69d,2024-11-25 23:20:33.296635
c35bddb0-c76b-408c-979c-d509154a56d3,2024-11-25 23:54:40.324614
1e57963c-3c82-436c-ace7-d4211f86cb13,2024-11-25 23:54:50.898865
554a0049-810c-4c79-b78b-17a7f3a0cd5d,2024-11-26 00:02:17.199277
fc08c29c-88e8-48fc-bae3-ec0c27e509c7,2024-11-26 00:02:18.248336
ae7d5185-555d-439b-9af1-8f46d4a860f1,2024-11-26 00:02:18.779265
75efc3e2-5cf0-408d-8c84-e2616121e5c8,2024-11-26 00:13:56.809668
aea0bcc4-dbad-40fc-98b9-8618d3ab0069,2024-11-26 00:32:51.545243
1b77a4b8-b542-4e97-927f-bfa033b0e0b4,2024-11-26 00:33:41.481990
921ab815-d1af-4b1e-8f55-91a9c9bbde93,2024-11-26 00:52:54.001315
6ce7e0bf-b89d-4ce4-948f-255d09fa2215,2024-11-26 01:00:31.019177
cbc64dd5-33d1-4ba1-be0b-e2fae5cb0288,2024-11-26 01:08:07.869706
979896e7-d093-47f3-899e-e39424db0aae,2024-11-26 01:10:38.684523
50e374f2-0f45-44d4-991a-b5c0e0127004,2024-11-26 01:14:18.087332
3220cd72-094b-4d2a-b369-7f9e0fd58155,2024-11-26 01:23:21.720906
7aae6726-f267-4185-8ace-0be1d1192781,2024-11-26 01:27:49.061183
ca9e2e60-9fd5-45ba-acb2-bf9e8d856b1b,2024-11-26 01:49:48.649210
9f2de43a-0777-401a-89f5-8f9fe09adf00,2024-11-26 01:49:50.794001
6334c55a-8d94-499b-a14a-8751cc716708,2024-11-26 02:05:42.405012
b4987eb3-7c57-4f20-9bc3-eaa819208ac8,2024-11-26 02:05:43.762735
db607ac3-2c25-4545-8d48-885aeda059f9,2024-11-26 02:05:43.962328
701b9ee1-4a48-48d8-b3f8-a11a8b2a1e87,2024-11-26 02:13:52.729586
d0ab3665-3b7d-4dd2-b68b-30397b4ef03a,2024-11-26 02:16:32.689223
fc6f1c95-3a56-4a39-b12a-e46c2c2affbd,2024-11-26 02:17:43.872248
98cac4f3-3fda-463d-bafc-47bed8b6241b,2024-11-26 02:17:43.873972
0a2c3f88-0bc1-42f9-91cc-1bc389a1f79d,2024-11-26 02:46:16.098934
a4c01bcf-bccc-4067-9881-35e83e700665,2024-11-26 02:46:20.881041
a1662953-91a6-444c-8f52-db43f13f1c4b,2024-11-26 03:16:10.242579
241c2f77-2ae5-4a02-b0b9-9dfe5f27bfa7,2024-11-26 03:16:29.621303
7a60be92-197e-4663-bc73-f78f6cba5e28,2024-11-26 04:43:11.308070
3bc64aea-0e14-49e4-b39c-956b7ad318ad,2024-11-26 04:52:45.819973
5e3672fe-8a67-42a7-a5ae-ce9e9fe59dfe,2024-11-26 04:53:12.220247
2e75ea62-3bc1-44fc-8a21-0c2606d1642b,2024-11-26 04:57:14.574881
